http://dbpedia.org/resource/Category:Statistical_algorithms;http://dbpedia.org/resource/K-medoids;http://en.wikipedia.org/wiki/K-medoids
http://dbpedia.org/resource/Category:Distributed_algorithms;http://dbpedia.org/resource/Lamport_timestamps;http://en.wikipedia.org/wiki/Lamport_timestamps
http://dbpedia.org/resource/Category:Unicode_algorithms;http://dbpedia.org/resource/Line_wrap_and_word_wrap;http://en.wikipedia.org/wiki/Line_wrap_and_word_wrap
http://dbpedia.org/resource/Category:Distributed_algorithms;http://dbpedia.org/resource/Operational_transformation;http://en.wikipedia.org/wiki/Operational_transformation
http://dbpedia.org/resource/Category:Distributed_algorithms;http://dbpedia.org/resource/PULSE_(P2PTV);http://en.wikipedia.org/wiki/PULSE_(P2PTV)
http://dbpedia.org/resource/Category:Unicode_algorithms;http://dbpedia.org/resource/Unicode_equivalence;http://en.wikipedia.org/wiki/Unicode_equivalence
http://dbpedia.org/resource/Category:Statistical_algorithms;http://dbpedia.org/resource/Wang_and_Landau_algorithm;http://en.wikipedia.org/wiki/Wang_and_Landau_algorithm
http://dbpedia.org/resource/Category:Statistical_algorithms;http://dbpedia.org/resource/Levenberg–Marquardt_algorithm;http://en.wikipedia.org/wiki/Levenberg–Marquardt_algorithm
http://dbpedia.org/resource/Category:Heuristic_algorithms;http://dbpedia.org/resource/3-opt;http://en.wikipedia.org/wiki/3-opt
http://dbpedia.org/resource/Category:Distributed_algorithms;http://dbpedia.org/resource/Logical_clock;http://en.wikipedia.org/wiki/Logical_clock
http://dbpedia.org/resource/Category:Concurrent_algorithms;http://dbpedia.org/resource/Concurrent_algorithm;http://en.wikipedia.org/wiki/Concurrent_algorithm
http://dbpedia.org/resource/Category:Distributed_algorithms;http://dbpedia.org/resource/Local_algorithm;http://en.wikipedia.org/wiki/Local_algorithm
http://dbpedia.org/resource/Category:Distributed_algorithms;http://dbpedia.org/resource/Distributed_minimum_spanning_tree;http://en.wikipedia.org/wiki/Distributed_minimum_spanning_tree
http://dbpedia.org/resource/Category:Concurrent_algorithms;http://dbpedia.org/resource/Prefix_sum;http://en.wikipedia.org/wiki/Prefix_sum
http://dbpedia.org/resource/Category:Distributed_algorithms;http://dbpedia.org/resource/Chandra–Toueg_consensus_algorithm;http://en.wikipedia.org/wiki/Chandra–Toueg_consensus_algorithm
http://dbpedia.org/resource/Category:Calendar_algorithms;http://dbpedia.org/resource/Top-nodes_algorithm;http://en.wikipedia.org/wiki/Top-nodes_algorithm
http://dbpedia.org/resource/Category:Calendar_algorithms;http://dbpedia.org/resource/Computus;http://en.wikipedia.org/wiki/Computus
http://dbpedia.org/resource/Category:Distributed_algorithms;http://dbpedia.org/resource/Raft_(computer_science);http://en.wikipedia.org/wiki/Raft_(computer_science)
http://dbpedia.org/resource/Category:Networking_algorithms;http://dbpedia.org/resource/Exponential_backoff;http://en.wikipedia.org/wiki/Exponential_backoff
http://dbpedia.org/resource/Category:Heuristic_algorithms;http://dbpedia.org/resource/Luus–Jaakola;http://en.wikipedia.org/wiki/Luus–Jaakola
http://dbpedia.org/resource/Category:Distributed_algorithms;http://dbpedia.org/resource/Parallel-TEBD;http://en.wikipedia.org/wiki/Parallel-TEBD
http://dbpedia.org/resource/Category:Networking_algorithms;http://dbpedia.org/resource/Luleå_algorithm;http://en.wikipedia.org/wiki/Luleå_algorithm
http://dbpedia.org/resource/Category:Heuristic_algorithms;http://dbpedia.org/resource/Heuristic_(computer_science);http://en.wikipedia.org/wiki/Heuristic_(computer_science)
http://dbpedia.org/resource/Category:Statistical_algorithms;http://dbpedia.org/resource/CHAID;http://en.wikipedia.org/wiki/CHAID
http://dbpedia.org/resource/Category:Randomized_algorithms;http://dbpedia.org/resource/Las_Vegas_algorithm;http://en.wikipedia.org/wiki/Las_Vegas_algorithm
http://dbpedia.org/resource/Category:Statistical_algorithms;http://dbpedia.org/resource/FNN_algorithm;http://en.wikipedia.org/wiki/FNN_algorithm
http://dbpedia.org/resource/Category:Randomized_algorithms;http://dbpedia.org/resource/Monte_Carlo_algorithm;http://en.wikipedia.org/wiki/Monte_Carlo_algorithm
http://dbpedia.org/resource/Category:Calendar_algorithms;http://dbpedia.org/resource/Astronomical_algorithm;http://en.wikipedia.org/wiki/Astronomical_algorithm
http://dbpedia.org/resource/Category:Statistical_algorithms;http://dbpedia.org/resource/RANSAC;http://en.wikipedia.org/wiki/RANSAC
http://dbpedia.org/resource/Category:Statistical_algorithms;http://dbpedia.org/resource/Helmert–Wolf_blocking;http://en.wikipedia.org/wiki/Helmert–Wolf_blocking
http://dbpedia.org/resource/Category:Heuristic_algorithms;http://dbpedia.org/resource/Thompson_sampling;http://en.wikipedia.org/wiki/Thompson_sampling
http://dbpedia.org/resource/Category:Data_mining_algorithms;http://dbpedia.org/resource/GSP_Algorithm;http://en.wikipedia.org/wiki/GSP_Algorithm
http://dbpedia.org/resource/Category:Data_mining_algorithms;http://dbpedia.org/resource/FSA-Red_Algorithm;http://en.wikipedia.org/wiki/FSA-Red_Algorithm
http://dbpedia.org/resource/Category:Distributed_algorithms;http://dbpedia.org/resource/Berkeley_algorithm;http://en.wikipedia.org/wiki/Berkeley_algorithm
http://dbpedia.org/resource/Category:Calendar_algorithms;http://dbpedia.org/resource/Determination_of_the_day_of_the_week;http://en.wikipedia.org/wiki/Determination_of_the_day_of_the_week
http://dbpedia.org/resource/Category:Statistical_algorithms;http://dbpedia.org/resource/Expectation–maximization_algorithm;http://en.wikipedia.org/wiki/Expectation–maximization_algorithm
http://dbpedia.org/resource/Category:Randomized_algorithms;http://dbpedia.org/resource/Randomized_algorithm;http://en.wikipedia.org/wiki/Randomized_algorithm
http://dbpedia.org/resource/Category:Distributed_algorithms;http://dbpedia.org/resource/Chang_and_Roberts_algorithm;http://en.wikipedia.org/wiki/Chang_and_Roberts_algorithm
http://dbpedia.org/resource/Category:Statistical_algorithms;http://dbpedia.org/resource/Elston–Stewart_algorithm;http://en.wikipedia.org/wiki/Elston–Stewart_algorithm
http://dbpedia.org/resource/Category:Heuristic_algorithms;http://dbpedia.org/resource/2-opt;http://en.wikipedia.org/wiki/2-opt
http://dbpedia.org/resource/Category:Sorting_algorithms;http://dbpedia.org/resource/Bubble_sort;http://en.wikipedia.org/wiki/Bubble_sort
http://dbpedia.org/resource/Category:Distributed_algorithms;http://dbpedia.org/resource/Commitment_ordering;http://en.wikipedia.org/wiki/Commitment_ordering
http://dbpedia.org/resource/Category:Calendar_algorithms;http://dbpedia.org/resource/Doomsday_rule;http://en.wikipedia.org/wiki/Doomsday_rule
http://dbpedia.org/resource/Category:Sorting_algorithms;http://dbpedia.org/resource/Smoothsort;http://en.wikipedia.org/wiki/Smoothsort
http://dbpedia.org/resource/Category:Distributed_algorithms;http://dbpedia.org/resource/Snapshot_algorithm;http://en.wikipedia.org/wiki/Snapshot_algorithm
http://dbpedia.org/resource/Category:Distributed_algorithms;http://dbpedia.org/resource/Vector_clock;http://en.wikipedia.org/wiki/Vector_clock
http://dbpedia.org/resource/Category:Distributed_algorithms;http://dbpedia.org/resource/Virtual_synchrony;http://en.wikipedia.org/wiki/Virtual_synchrony
http://dbpedia.org/resource/Category:Sorting_algorithms;http://dbpedia.org/resource/Elevator_algorithm;http://en.wikipedia.org/wiki/Elevator_algorithm
http://dbpedia.org/resource/Category:Statistical_algorithms;http://dbpedia.org/resource/Iterative_proportional_fitting;http://en.wikipedia.org/wiki/Iterative_proportional_fitting
http://dbpedia.org/resource/Category:Matrix_multiplication_algorithms;http://dbpedia.org/resource/Strassen_algorithm;http://en.wikipedia.org/wiki/Strassen_algorithm
http://dbpedia.org/resource/Category:Distributed_algorithms;http://dbpedia.org/resource/Synchronizer_(algorithm);http://en.wikipedia.org/wiki/Synchronizer_(algorithm)
http://dbpedia.org/resource/Category:Unicode_algorithms;http://dbpedia.org/resource/Unicode_collation_algorithm;http://en.wikipedia.org/wiki/Unicode_collation_algorithm
http://dbpedia.org/resource/Category:Distributed_algorithms;http://dbpedia.org/resource/Content_delivery_network;http://en.wikipedia.org/wiki/Content_delivery_network
http://dbpedia.org/resource/Category:Statistical_algorithms;http://dbpedia.org/resource/VEGAS_algorithm;http://en.wikipedia.org/wiki/VEGAS_algorithm
http://dbpedia.org/resource/Category:Sorting_algorithms;http://dbpedia.org/resource/Adaptive_sort;http://en.wikipedia.org/wiki/Adaptive_sort
http://dbpedia.org/resource/Category:Data_mining_algorithms;http://dbpedia.org/resource/Apriori_algorithm;http://en.wikipedia.org/wiki/Apriori_algorithm
http://dbpedia.org/resource/Category:Sorting_algorithms;http://dbpedia.org/resource/Sorting_network;http://en.wikipedia.org/wiki/Sorting_network
http://dbpedia.org/resource/Category:Statistical_algorithms;http://dbpedia.org/resource/Banburismus;http://en.wikipedia.org/wiki/Banburismus
http://dbpedia.org/resource/Category:Statistical_algorithms;http://dbpedia.org/resource/Nested_sampling_algorithm;http://en.wikipedia.org/wiki/Nested_sampling_algorithm
http://dbpedia.org/resource/Category:Unicode_algorithms;http://dbpedia.org/resource/ISO_14651;http://en.wikipedia.org/wiki/ISO_14651
http://dbpedia.org/resource/Category:Distributed_algorithms;http://dbpedia.org/resource/Verification-based_message-passing_algorithms_in_compressed_sensing;http://en.wikipedia.org/wiki/Verification-based_message-passing_algorithms_in_compressed_sensing
http://dbpedia.org/resource/Category:Sorting_algorithms;http://dbpedia.org/resource/J_sort;http://en.wikipedia.org/wiki/J_sort
http://dbpedia.org/resource/Category:Randomized_algorithms;http://dbpedia.org/resource/Atlantic_City_algorithm;http://en.wikipedia.org/wiki/Atlantic_City_algorithm
http://dbpedia.org/resource/Category:Sorting_algorithms;http://dbpedia.org/resource/Binary_prioritization;http://en.wikipedia.org/wiki/Binary_prioritization
http://dbpedia.org/resource/Category:Sorting_algorithms;http://dbpedia.org/resource/Cache-oblivious_distribution_sort;http://en.wikipedia.org/wiki/Cache-oblivious_distribution_sort
http://dbpedia.org/resource/Category:Statistical_algorithms;http://dbpedia.org/resource/Canopy_clustering_algorithm;http://en.wikipedia.org/wiki/Canopy_clustering_algorithm
http://dbpedia.org/resource/Category:Distributed_algorithms;http://dbpedia.org/resource/Edge_chasing;http://en.wikipedia.org/wiki/Edge_chasing
http://dbpedia.org/resource/Category:Statistical_algorithms;http://dbpedia.org/resource/Lander–Green_algorithm;http://en.wikipedia.org/wiki/Lander–Green_algorithm
http://dbpedia.org/resource/Category:Networking_algorithms;http://dbpedia.org/resource/Chung_Kwei_(algorithm);http://en.wikipedia.org/wiki/Chung_Kwei_(algorithm)
http://dbpedia.org/resource/Category:Sorting_algorithms;http://dbpedia.org/resource/American_flag_sort;http://en.wikipedia.org/wiki/American_flag_sort
http://dbpedia.org/resource/Category:Distributed_algorithms;http://dbpedia.org/resource/Gbcast;http://en.wikipedia.org/wiki/Gbcast
http://dbpedia.org/resource/Category:Sorting_algorithms;http://dbpedia.org/resource/Spaghetti_sort;http://en.wikipedia.org/wiki/Spaghetti_sort
http://dbpedia.org/resource/Category:Distributed_algorithms;http://dbpedia.org/resource/Distributed_algorithm;http://en.wikipedia.org/wiki/Distributed_algorithm
http://dbpedia.org/resource/Category:Randomized_algorithms;http://dbpedia.org/resource/Entropy_compression;http://en.wikipedia.org/wiki/Entropy_compression
http://dbpedia.org/resource/Category:Statistical_algorithms;http://dbpedia.org/resource/Gauss–Newton_algorithm;http://en.wikipedia.org/wiki/Gauss–Newton_algorithm
http://dbpedia.org/resource/Category:Distributed_algorithms;http://dbpedia.org/resource/Cannon's_algorithm;http://en.wikipedia.org/wiki/Cannon's_algorithm
http://dbpedia.org/resource/Category:Matrix_multiplication_algorithms;http://dbpedia.org/resource/Cannon's_algorithm;http://en.wikipedia.org/wiki/Cannon's_algorithm
http://dbpedia.org/resource/Category:Sorting_algorithms;http://dbpedia.org/resource/Multi-key_quicksort;http://en.wikipedia.org/wiki/Multi-key_quicksort
http://dbpedia.org/resource/Category:Sorting_algorithms;http://dbpedia.org/resource/Proxmap_sort;http://en.wikipedia.org/wiki/Proxmap_sort
http://dbpedia.org/resource/Category:Sorting_algorithms;http://dbpedia.org/resource/Splaysort;http://en.wikipedia.org/wiki/Splaysort
http://dbpedia.org/resource/Category:Statistical_algorithms;http://dbpedia.org/resource/Binarization_of_consensus_partition_matrices;http://en.wikipedia.org/wiki/Binarization_of_consensus_partition_matrices
http://dbpedia.org/resource/Category:Networking_algorithms;http://dbpedia.org/resource/Lyapunov_optimization;http://en.wikipedia.org/wiki/Lyapunov_optimization
http://dbpedia.org/resource/Category:Sorting_algorithms;http://dbpedia.org/resource/Timsort;http://en.wikipedia.org/wiki/Timsort
http://dbpedia.org/resource/Category:Sorting_algorithms;http://dbpedia.org/resource/Bogosort;http://en.wikipedia.org/wiki/Bogosort
http://dbpedia.org/resource/Category:Sorting_algorithms;http://dbpedia.org/resource/Bucket_sort;http://en.wikipedia.org/wiki/Bucket_sort
http://dbpedia.org/resource/Category:Sorting_algorithms;http://dbpedia.org/resource/Counting_sort;http://en.wikipedia.org/wiki/Counting_sort
http://dbpedia.org/resource/Category:Distributed_algorithms;http://dbpedia.org/resource/Paxos_(computer_science);http://en.wikipedia.org/wiki/Paxos_(computer_science)
http://dbpedia.org/resource/Category:Sorting_algorithms;http://dbpedia.org/resource/Quicksort;http://en.wikipedia.org/wiki/Quicksort
http://dbpedia.org/resource/Category:Matrix_multiplication_algorithms;http://dbpedia.org/resource/Coppersmith–Winograd_algorithm;http://en.wikipedia.org/wiki/Coppersmith–Winograd_algorithm
http://dbpedia.org/resource/Category:Randomized_algorithms;http://dbpedia.org/resource/With_high_probability;http://en.wikipedia.org/wiki/With_high_probability
http://dbpedia.org/resource/Category:Sorting_algorithms;http://dbpedia.org/resource/Bitonic_sorter;http://en.wikipedia.org/wiki/Bitonic_sorter
http://dbpedia.org/resource/Category:Distributed_algorithms;http://dbpedia.org/resource/Distil_Networks;http://en.wikipedia.org/wiki/Distil_Networks
http://dbpedia.org/resource/Category:Statistical_algorithms;http://dbpedia.org/resource/K-means_clustering;http://en.wikipedia.org/wiki/K-means_clustering
http://dbpedia.org/resource/Category:Sorting_algorithms;http://dbpedia.org/resource/Library_sort;http://en.wikipedia.org/wiki/Library_sort
http://dbpedia.org/resource/Category:Distributed_algorithms;http://dbpedia.org/resource/Conflict-free_replicated_data_type;http://en.wikipedia.org/wiki/Conflict-free_replicated_data_type
http://dbpedia.org/resource/Category:Heuristic_algorithms;http://dbpedia.org/resource/Lin–Kernighan_heuristic;http://en.wikipedia.org/wiki/Lin–Kernighan_heuristic
http://dbpedia.org/resource/Category:Statistical_algorithms;http://dbpedia.org/resource/Algorithms_for_calculating_variance;http://en.wikipedia.org/wiki/Algorithms_for_calculating_variance
http://dbpedia.org/resource/Category:Unicode_algorithms;http://dbpedia.org/resource/Bi-directional_text;http://en.wikipedia.org/wiki/Bi-directional_text
http://dbpedia.org/resource/Category:Sorting_algorithms;http://dbpedia.org/resource/Heapsort;http://en.wikipedia.org/wiki/Heapsort
http://dbpedia.org/resource/Category:Sorting_algorithms;http://dbpedia.org/resource/Insertion_sort;http://en.wikipedia.org/wiki/Insertion_sort